sParty_BirdKeeperMilo,,,,,sParty_BirdKeeperMilo2,520
sParty_BirdKeeperChaz,,,,,sParty_BirdKeeperChaz2,520
sParty_BirdKeeperHarold,,,,,sParty_BirdKeeperHarold2,520
sParty_PainterDaisy,sParty_PainterDaisy,,,,,517
sParty_PainterCelina,sParty_PainterCelina,,,,,517
sParty_PainterRayna,,,,,sParty_PainterRayna2,517
sParty_LadyJacki,sParty_LadyJacki,,,,,517
sParty_LadyGillian,sParty_LadyGillian,,,,,517
sParty_YoungsterDestin,,,,,sParty_YoungsterDestin2,517
sParty_SwimmerMaleToby,sParty_SwimmerMaleToby,,,,,517
sParty_PkmnBreederAlize,,,,,sParty_PkmnBreederAlize2,518
sParty_SwimmerFemaleMaria,sParty_SwimmerFemaleMaria,,,,,512
sParty_SwimmerFemaleAbigail,sParty_SwimmerFemaleAbigail,,,,,512
sParty_SwimmerMaleFinn,,,,sParty_SwimmerMaleFinn2,,512
sParty_SwimmerMaleGarrett,sParty_SwimmerMaleGarrett,,,,,512
sParty_FishermanTommy,sParty_FishermanTommy,,,,,512
sParty_CrushGirlSharon,,,,sParty_CrushGirlSharon2,sParty_CrushGirlSharon3,512
sParty_CrushGirlTanya,,,,sParty_CrushGirlTanya2,sParty_CrushGirlTanya3,512
sParty_BlackBeltShea,,,,sParty_BlackBeltShea2,sParty_BlackBeltShea3,512
sParty_BlackBeltHugh,,,,sParty_BlackBeltHugh2,sParty_BlackBeltHugh3,512
sParty_CamperBryce,sParty_CamperBryce,,,,,512
sParty_PicnickerClaire,sParty_PicnickerClaire,,,,,512
sParty_CrushKinMikKia,,,,sParty_CrushKinMikKia2,sParty_CrushKinMikKia3,512
sParty_SwimmerFemaleAmara,sParty_SwimmerFemaleAmara,,,,,513
sParty_PicnickerHeidi,sParty_PicnickerHeidi,,,,,304
sParty_PicnickerCarol,sParty_PicnickerCarol,,,,,304
sParty_PokemaniacMark,,,sParty_PokemaniacMark2,,sParty_PokemaniacMark3,304
sParty_PokemaniacHerman,,,sParty_PokemaniacHerman2,,sParty_PokemaniacHerman3,304
sParty_HikerClark,sParty_HikerClark,,,,,304
sParty_HikerTrent,,,sParty_HikerTrent2,,,304
sParty_YoungsterEddie,sParty_YoungsterEddie,,,,,305
sParty_YoungsterDillon,sParty_YoungsterDillon,,,,,305
sParty_YoungsterYasu,,sParty_YoungsterYasu2,,sParty_YoungsterYasu3,,305
sParty_YoungsterDave,sParty_YoungsterDave,,,,,305
sParty_EngineerBraxton,sParty_EngineerBraxton,,,,,305
sParty_EngineerBernie,,,sParty_EngineerBernie2,,,305
sParty_GamerHugo,sParty_GamerHugo,,,,,305
sParty_GamerJasper,sParty_GamerJasper,,,,,305
sParty_GamerDirk,sParty_GamerDirk,,,,,305
sParty_GamerDarian,,,sParty_GamerDarian2,,,305
sParty_FishermanNed,sParty_FishermanNed,,,,,276
sParty_FishermanChip,sParty_FishermanChip,,,,,276
sParty_FishermanHank,sParty_FishermanHank,,,,,276
sParty_FishermanElliot,,,sParty_FishermanElliot2,,,276
sParty_FishermanAndrew,sParty_FishermanAndrew,,,,,276
sParty_RockerLuca,,,sParty_RockerLuca2,,,276
sParty_CamperJustin,sParty_CamperJustin,,,,,276
sParty_YoungCoupleGiaJes,,,sParty_YoungCoupleGiaJes2,,sParty_YoungCoupleGiaJes3,276
sParty_BikerJared,sParty_BikerJared,,,,,306
sParty_BeautyLola,sParty_BeautyLola,,,,,306
sParty_BeautySheila,,,,sParty_BeautySheila2,,306
sParty_BirdKeeperSebastian,sParty_BirdKeeperSebastian,,,,,306
sParty_BirdKeeperPerry,sParty_BirdKeeperPerry,,,,,306
sParty_BirdKeeperRobert,,,sParty_BirdKeeperRobert2,sParty_BirdKeeperRobert3,,306
sParty_PicnickerAlma,sParty_PicnickerAlma,,,,,306
sParty_PicnickerSusie,,,sParty_PicnickerSusie2,sParty_PicnickerSusie3,sParty_PicnickerSusie4,306
sParty_PicnickerValerie,sParty_PicnickerValerie,,,,,306
sParty_PicnickerGwen,sParty_PicnickerGwen,,,,,306
sParty_BikerMalik,sParty_BikerMalik,,,,,307
sParty_BikerLukas,,,,sParty_BikerLukas2,,307
sParty_BikerIsaac,sParty_BikerIsaac,,,,,307
sParty_BikerGerald,sParty_BikerGerald,,,,,307
sParty_BirdKeeperDonald,sParty_BirdKeeperDonald,,,,,307
sParty_BirdKeeperBenny,,,sParty_BirdKeeperBenny2,sParty_BirdKeeperBenny3,,307
sParty_BirdKeeperCarter,sParty_BirdKeeperCarter,,,,,307
sParty_BirdKeeperMitch,sParty_BirdKeeperMitch,,,,,307
sParty_BirdKeeperBeck,sParty_BirdKeeperBeck,,,,,307
sParty_BirdKeeperMarlon,,,sParty_BirdKeeperMarlon2,sParty_BirdKeeperMarlon3,,307
sParty_TwinsKiriJan,sParty_TwinsKiriJan,,,,,307
sParty_BikerErnest,sParty_BikerErnest,,,,,308
sParty_BikerAlex,sParty_BikerAlex,,,,,308
sParty_BeautyGrace,,,,sParty_BeautyGrace2,,308
sParty_BeautyOlivia,sParty_BeautyOlivia,,,,,308
sParty_BirdKeeperEdwin,sParty_BirdKeeperEdwin,,,,,308
sParty_BirdKeeperChester,,,sParty_BirdKeeperChester2,sParty_BirdKeeperChester3,,308
sParty_PicnickerYazmin,sParty_PicnickerYazmin,,,,,308
sParty_PicnickerKindra,sParty_PicnickerKindra,,,,,308
sParty_PicnickerBecky,,,sParty_PicnickerBecky2,sParty_PicnickerBecky3,sParty_PicnickerBecky4,308
sParty_PicnickerCelia,sParty_PicnickerCelia,,,,,308
sParty_CrushKinRonMya,,,sParty_CrushKinRonMya2,sParty_CrushKinRonMya3,sParty_CrushKinRonMya4,308
sParty_BikerLao,sParty_BikerLao,,,,,309
sParty_BikerHideo,sParty_BikerHideo,,,,,309
sParty_BikerRuben,,,,sParty_BikerRuben2,,309
sParty_CueBallKoji,sParty_CueBallKoji,,,,,309
sParty_CueBallLuke,sParty_CueBallLuke,,,,,309
sParty_CueBallCamron,,,,sParty_CueBallCamron2,,309
sParty_YoungCoupleLeaJed,sParty_YoungCoupleLeaJed,,,,,309
sParty_BikerBilly,sParty_BikerBilly,,,,,310
sParty_BikerNikolas,sParty_BikerNikolas,,,,,310
sParty_BikerJaxon,,,,sParty_BikerJaxon2,,310
sParty_BikerWilliam,sParty_BikerWilliam,,,,,310
sParty_CueBallRaul,sParty_CueBallRaul,,,,,310
sParty_CueBallIsaiah,,,,sParty_CueBallIsaiah2,,310
sParty_CueBallZeek,sParty_CueBallZeek,,,,,310
sParty_CueBallJamal,sParty_CueBallJamal,,,,,310
sParty_CueBallCorey,,,,sParty_CueBallCorey2,,310
sParty_BikerVirgil,sParty_BikerVirgil,,,,,310
sParty_BirdKeeperWilton,sParty_BirdKeeperWilton,,,,,311
sParty_BirdKeeperRamiro,sParty_BirdKeeperRamiro,,,,,311
sParty_BirdKeeperJacob,,,sParty_BirdKeeperJacob2,sParty_BirdKeeperJacob3,,311
sParty_SwimmerMaleRichard,sParty_SwimmerMaleRichard,,,,,277
sParty_SwimmerMaleReece,sParty_SwimmerMaleReece,,,,,277
sParty_SwimmerMaleMatthew,,,,sParty_SwimmerMaleMatthew2,,277
sParty_SwimmerMaleDouglas,sParty_SwimmerMaleDouglas,,,,,277
sParty_SwimmerMaleDavid,sParty_SwimmerMaleDavid,,,,,277
sParty_SwimmerMaleTony,,,,sParty_SwimmerMaleTony2,,277
sParty_SwimmerMaleAxle,sParty_SwimmerMaleAxle,,,,,277
sParty_SwimmerFemaleAnya,sParty_SwimmerFemaleAnya,,,,,277
sParty_SwimmerFemaleAlice,,,,sParty_SwimmerFemaleAlice2,,277
sParty_SwimmerFemaleConnie,sParty_SwimmerFemaleConnie,,,,,277
sParty_SisAndBroLiaLuc,sParty_SisAndBroLiaLuc,,,,,277
sParty_SwimmerMaleBarry,sParty_SwimmerMaleBarry,,,,,278
sParty_SwimmerMaleDean,sParty_SwimmerMaleDean,,,,,278
sParty_SwimmerMaleDarrin,,,,,sParty_SwimmerMaleDarrin2,278
sParty_SwimmerFemaleTiffany,sParty_SwimmerFemaleTiffany,,,,,278
sParty_SwimmerFemaleNora,sParty_SwimmerFemaleNora,,,,,278
sParty_SwimmerFemaleMelissa,,,,sParty_SwimmerFemaleMelissa2,,278
sParty_SwimmerFemaleShirley,sParty_SwimmerFemaleShirley,,,,,278
sParty_BirdKeeperRoger,sParty_BirdKeeperRoger,,,,,278
sParty_PicnickerMissy,,,,sParty_PicnickerMissy2,sParty_PicnickerMissy3,278
sParty_PicnickerIrene,sParty_PicnickerIrene,,,,,278
sParty_FishermanRonald,sParty_FishermanRonald,,,,,312
sParty_FishermanClaude,sParty_FishermanClaude,,,,,312
sParty_FishermanWade,,,,sParty_FishermanWade2,,312
sParty_FishermanNolan,sParty_FishermanNolan,,,,,312
sParty_SwimmerMaleSpencer,sParty_SwimmerMaleSpencer,,,,,312
sParty_SwimmerMaleJack,,,,sParty_SwimmerMaleJack2,,312
sParty_SwimmerMaleJerome,sParty_SwimmerMaleJerome,,,,,312
sParty_SwimmerMaleRoland,sParty_SwimmerMaleRoland,,,,,312
sParty_SisAndBroLilIan,,,,sParty_SisAndBroLilIan2,sParty_SisAndBroLilIan3,312
sParty_YoungsterTimmy,sParty_YoungsterTimmy2,,sParty_YoungsterTimmy3,,sParty_YoungsterTimmy4,314
sParty_BugCatcherCale,sParty_BugCatcherCale,,,,,314
sParty_LassReli,sParty_LassReli2,,sParty_LassReli3,,,314
sParty_LassAli,sParty_LassAli,,,,,314
sParty_CamperShane,sParty_CamperShane,,,,,314
sParty_CamperEthan,sParty_CamperEthan,,,,,314
sParty_YoungsterJoey,sParty_YoungsterJoey,,,,,315
sParty_YoungsterDan,sParty_YoungsterDan,,,,,315
sParty_YoungsterChad,sParty_YoungsterChad2,,sParty_YoungsterChad3,sParty_YoungsterChad4,,315
sParty_PicnickerKelsey,sParty_PicnickerKelsey2,,sParty_PicnickerKelsey3,sParty_PicnickerKelsey4,,315
sParty_LassHaley,sParty_LassHaley,,,,,315
sParty_HikerFranklin,,sParty_HikerFranklin2,,,,315
sParty_HikerNob,sParty_HikerNob,,,,,315
sParty_HikerWayne,sParty_HikerWayne,,,,,315
sParty_CamperFlint,sParty_CamperFlint,,,,,315
sParty_YoungsterBen,sParty_YoungsterBen2,,sParty_YoungsterBen3,sParty_YoungsterBen4,,297
sParty_YoungsterCalvin,sParty_YoungsterCalvin,,,,,297
sParty_BugCatcherColton,sParty_BugCatcherColton2,,sParty_BugCatcherColton3,,sParty_BugCatcherColton4,297
sParty_BugCatcherGreg,sParty_BugCatcherGreg,,,,,297
sParty_BugCatcherJames,sParty_BugCatcherJames,,,,,297
sParty_LassJanice,sParty_LassJanice2,,sParty_LassJanice3,,,297
sParty_LassSally,sParty_LassSally,,,,,297
sParty_LassRobin,sParty_LassRobin,,,,,297
sParty_LassCrissy,sParty_LassCrissy,,,,,298
sParty_BugCatcherKeigo,sParty_BugCatcherKeigo,,,,,300
sParty_BugCatcherElijah,sParty_BugCatcherElijah,,,,,300
sParty_CamperRicky,sParty_CamperRicky2,,sParty_CamperRicky3,,sParty_CamperRicky4,300
sParty_CamperJeff,sParty_CamperJeff2,,sParty_CamperJeff3,,sParty_CamperJeff4,300
sParty_PicnickerNancy,sParty_PicnickerNancy,,,,,300
sParty_PicnickerIsabelle,sParty_PicnickerIsabelle2,,sParty_PicnickerIsabelle3,sParty_PicnickerIsabelle4,,300
sParty_LassPaige,sParty_LassPaige,,,,,302
sParty_LassAndrea,sParty_LassAndrea,,,,,302
sParty_LassMegan,,sParty_LassMegan2,,sParty_LassMegan3,,302
sParty_LassJulia,sParty_LassJulia,,,,,302
sParty_SuperNerdAidan,sParty_SuperNerdAidan,,,,,302
sParty_SuperNerdGlenn,,,sParty_SuperNerdGlenn2,,,302
sParty_SuperNerdLeslie,sParty_SuperNerdLeslie,,,,,302
sParty_GamerStan,sParty_GamerStan,,,,,302
sParty_GamerRich,,,sParty_GamerRich2,,,302
sParty_TwinsEliAnne,,,sParty_TwinsEliAnne2,,,302
sParty_BikerRicardo,sParty_BikerRicardo,,,,,302
sParty_BikerJaren,,,sParty_BikerJaren2,,,302
sParty_BugCatcherBrent,sParty_BugCatcherBrent,,,,,303
sParty_BugCatcherConner,sParty_BugCatcherConner,,,,,303
sParty_CamperChris,,sParty_CamperChris2,sParty_CamperChris3,,sParty_CamperChris4,303
sParty_CamperDrew,sParty_CamperDrew,,,,,303
sParty_PicnickerAlicia,,sParty_PicnickerAlicia2,sParty_PicnickerAlicia3,,sParty_PicnickerAlicia4,303
sParty_PicnickerCaitlin,sParty_PicnickerCaitlin,,,,,303
sParty_HikerAlan,sParty_HikerAlan,,,,,303
sParty_HikerBrice,sParty_HikerBrice,,,,,303
sParty_HikerJeremy,,,sParty_HikerJeremy2,,,303
sParty_CrushGirlCyndy,,,,,sParty_CrushGirlCyndy2,527
sParty_TamerEvan,,,,,sParty_TamerEvan2,527
sParty_PkmnRangerJackson,,,,,sParty_PkmnRangerJackson2,527
sParty_PkmnRangerKatelyn,,,,,sParty_PkmnRangerKatelyn2,527
sParty_CooltrainerLeroy,,,,,sParty_CooltrainerLeroy2,527
sParty_CooltrainerMichelle,,,,,sParty_CooltrainerMichelle2,527
sParty_CoolCoupleLexNya,,,,,sParty_CoolCoupleLexNya2,527
sParty_AromaLadyMiah,sParty_AromaLadyMiah,,,,,526
sParty_YoungCoupleEveJon,sParty_YoungCoupleEveJon,,,,,526
sParty_JugglerMason,,,,,sParty_JugglerMason2,526
sParty_PkmnRangerNicolas,,,,,sParty_PkmnRangerNicolas2,526
sParty_PkmnRangerMadeline,,,,,sParty_PkmnRangerMadeline2,526
sParty_RuinManiacBrandon,sParty_RuinManiacBrandon,,,,,528
sParty_RuinManiacBenjamin,sParty_RuinManiacBenjamin,,,,,528
sParty_PainterEdna,sParty_PainterEdna,,,,,528
sParty_GentlemanClifford,sParty_GentlemanClifford,,,,,528
sParty_PsychicDario,,,,,sParty_PsychicDario2,525
sParty_PsychicRodette,,,,,sParty_PsychicRodette2,525
sParty_PsychicJaclyn,,,,,sParty_PsychicJaclyn2,522
sParty_FishermanTylor,sParty_FishermanTylor,,,,,521
sParty_SwimmerMaleMymo,sParty_SwimmerMaleMymo,,,,,521
sParty_SwimmerFemaleNicole,,,,,sParty_SwimmerFemaleNicole2,521
sParty_SisAndBroAvaGeb,sParty_SisAndBroAvaGeb,,,,,521
sParty_RuinManiacStanly,sParty_RuinManiacStanly,,,,,524
sParty_RuinManiacFoster,sParty_RuinManiacFoster,,,,,524
sParty_RuinManiacLarry,,,,,sParty_RuinManiacLarry2,524
sParty_HikerDaryl,sParty_HikerDaryl,,,,,524
sParty_PokemaniacHector,,,,,sParty_PokemaniacHector2,524
sParty_AromaLadyRose,sParty_AromaLadyRose,,,,,523
sParty_JugglerEdward,sParty_JugglerEdward,,,,,523
sParty_SwimmerMaleSamir,,,,,sParty_SwimmerMaleSamir2,523
sParty_SwimmerFemaleDenise,sParty_SwimmerFemaleDenise,,,,,523
sParty_TwinsMiuMia,sParty_TwinsMiuMia,,,,,523
sParty_HikerEarl,,,,,sParty_HikerEarl2,523
sParty_AromaLadyNikki,sParty_AromaLadyNikki,,,,,515
sParty_AromaLadyViolet,sParty_AromaLadyViolet,,,,,515
sParty_TuberAmira,,,,sParty_TuberAmira2,,515
sParty_TuberAlexis,sParty_TuberAlexis,,,,,515
sParty_SwimmerFemaleTisha,sParty_SwimmerFemaleTisha,,,,,515
sParty_TwinsJoyMeg,,,,sParty_TwinsJoyMeg2,,515